"","numero","intro","compiti","collegamento","come","download","R","computer","online","appunti","forum","social","tecnologia","applicazioni","social_media","didattica","pirata","sezione_1","sezione_2","numerazione","spostamento","sport","diploma","birth","piede","schermo","famiglia","arcobaleno","pets","h_mamma","h_papa","h_io","calcio","color_capelli","color_occhi","f_m","peso_io","tempo_libero","month","preferenza","piatto","question"
"1",1,"MS1801 9415 A001 NOVARA 2021","Si vedrà...","Computer","Casa","Difficile","Raramente","No","Sempre","pdf","","MS1801 9415 A001 NOVARA 2021","e-mail
whatsapp","WhatsApp","You Tube
Instagram","","Amazon Prime video","Meet
FaceTime","MS1801 9415 A001 NOVARA 2021",2,"Auto personale","","Liceo Scientifico",2002,38,10,"0","Giallo","Nessuno",167,192,164,"","Castani","Marroni","Femmina",67,"assistere ad eventi dal vivo (attività sportive, concerti)
guardare documentari, film, telefilm, serie tv, sport
varie (make up, mangiare dolci,  uncinetto, brainstorming, ...)",5,"pinguino","McDonald",""
"2",2,"MS1801 9415 A001 NOVARA 2021","Molto","Computer","Casa","Qualche volta utile","Raramente","Si","Mai","pdf","","MS1801 9415 A001 NOVARA 2021","e-mail
whatsapp
messanger","WhatsApp
FaceTime","You Tube
Twitter
Instagram","Lezioni frontali in Aula","Netflix
Amazon Prime video","Zoom
Meet
FaceTime","MS1801 9415 A001 NOVARA 2021",4,"Piedi","","Liceo Scientifico",2002,39,3,"1","Rosso","Cane",153,175,167,"juventus","Castani","Marroni","Femmina",60,"ascoltare la musica
assistere ad eventi dal vivo (attività sportive, concerti)
cinema
cucinare
recitazione (stand up comedy)
scrittura",7,"cavallo","pizza",""
"3",3,"MS1801 9415 A001 NOVARA 2021","Molto","Tablet","Casa","Spesso utile","Raramente","Si","Spesso","pdf","","MS1801 9415 A001 NOVARA 2021","e-mail
whatsapp","WhatsApp
FaceTime","Instagram","Lezioni frontali in Aula","Netflix
Amazon Prime video
Infinity","Meet","MS1801 9415 A001 NOVARA 2021",8,"Auto personale","","Liceo Classico",2002,39,1,"&amp;gt;4","Verde","Nessuno",170,180,170,"Juventus","Castani","Verdi","Femmina",55,"ascoltare la musica
cucinare",NA,"cavallo","lasagne",""
"4",4,"MS1801 9415 A001 NOVARA 2021","Molto","Computer","Università","Difficile","Raramente","","Spesso","pdf","","MS1801 9415 A001 NOVARA 2021","e-mail
whatsapp
Telegram
Altro","WhatsApp
Altro","You Tube
Instagram
Altro","Lezioni frontali in Aula","Netflix","Zoom
Meet","MS1801 9415 A001 NOVARA 2021",2,"Autobus","Altro","Altro",2002,36,4,"&amp;gt;4","Nero","Pesci
Uccelli",NA,NA,157,"milan","","Marroni","Femmina",40,"ascoltare la musica
assistere ad eventi dal vivo (attività sportive, concerti)
camminare, escursionismo montano, passeggiare, andare a cavallo
cucinare
moda
palestra
sport
shopping
studiare lingue orientali
varie (make up, mangiare dolci,  uncinetto, brainstorming, ...)
turismo",2,"gatto","cioccolato",""
"5",5,"MS1801 9415 A001 NOVARA 2021","Molto","Computer","Casa","Qualche volta utile","Talvolta","Si","Spesso","pdf","","MS1801 9415 A001 NOVARA 2021","e-mail
whatsapp","WhatsApp
FaceTime
Altro","You Tube
Twitter
Instagram
Altro","Lezioni frontali in Aula","Netflix
Amazon Prime video
Infinity","Zoom
Meet","MS1801 9415 A001 NOVARA 2021",4,"Auto personale","Sci","Liceo Scientifico",2003,38,3,"0","Rosa","Cane",168,173,161,"milan","Biondi","Marroni","Femmina",47,"cucinare
dipingere, disegnare
guardare documentari, film, telefilm, serie tv, sport
scrittura
shopping
suonare strumenti musicali
varie (make up, mangiare dolci,  uncinetto, brainstorming, ...)",1,"cane","cinese",""
"6",6,"MS1801 9415 A001 NOVARA 2021","Molto","Altro","Università","Spesso utile","Talvolta","No","Spesso","pdf","","MS1801 9415 A001 NOVARA 2021","whatsapp","Altro","Altro","Lezioni frontali in Aula","Netflix
Amazon Prime video","Zoom
Meet","MS1801 9415 A001 NOVARA 2021",10,"Bicicletta","Altro","Liceo Scientifico",2001,39,2,"3","Rosso","Nessuno",160,170,161,"nessuna","Castani","Marroni","Femmina",69,"guardare documentari, film, telefilm, serie tv, sport
studiare lingue orientali",12,"panda","lasagne",""
"7",7,"MS1801 9415 A001 NOVARA 2021","Molto","Computer","Casa","Qualche volta utile","Raramente","No","Spesso","pdf","","MS1801 9415 A001 NOVARA 2021","whatsapp","FaceTime","You Tube
Instagram
Altro","Lezioni frontali in Aula","TimVision
AppleTV+","FaceTime","MS1801 9415 A001 NOVARA 2021",9,"Auto personale","Ginnastica, aerobica, fitness e cultura fisica
Alpinismo
Pallavolo/beach volley","Istituto tecnico settore economico",2002,41,5,"1","Rosso","Nessuno",172,190,175,"juventus","Castani","Verdi","Femmina",70,"ascoltare la musica
assistere ad eventi dal vivo (attività sportive, concerti)
ballare
camminare, escursionismo montano, passeggiare, andare a cavallo
cucinare
moda
sport
shopping
tecnologia, pc, scienza
turismo",9,"cane","tiramisù",""
"8",8,"MS1801 9415 A001 NOVARA 2021","Molto","Computer","Casa","Qualche volta utile","Raramente","Si","Mai","pdf","","MS1801 9415 A001 NOVARA 2021","e-mail
messaggi","WhatsApp
FaceTime","You Tube
Twitter
Instagram","","Netflix","Zoom
Meet","MS1801 9415 A001 NOVARA 2021",7,"Piedi","Tennis/tennis tavolo","Liceo Scientifico",2002,44,2,"1","Nero","Cane",170,170,168,"Inter","Nero","Marroni","Maschio",95,"ascoltare la musica
camminare, escursionismo montano, passeggiare, andare a cavallo
guardare documentari, film, telefilm, serie tv, sport
moda
tecnologia, pc, scienza
videogiochi",11,"panda","pasta al forno",""
"9",9,"MS1801 9415 A001 NOVARA 2021","Molto","Tablet","Casa","Difficile","Talvolta","No","Mai","pdf","presenza di esercizi svolti e da svolgere  con soluzioni che possano aiutare lo studente ad avere un confronto","MS1801 9415 A001 NOVARA 2021","e-mail
whatsapp","WhatsApp","You Tube
Instagram","Video delle lezioni in Aula in diretta streaming","Netflix","Zoom
Meet","MS1801 9415 A001 NOVARA 2021",9,"Piedi","Arti marziali","Liceo Linguistico",2002,38,3,"0","Viola","Nessuno
Gatto",NA,NA,NA,"","Castani","Marroni","Femmina",NA,"arti orientali: yoga, wing chun
ascoltare la musica
camminare, escursionismo montano, passeggiare, andare a cavallo
cucinare
dipingere, disegnare
guardare documentari, film, telefilm, serie tv, sport
sport
varie (make up, mangiare dolci,  uncinetto, brainstorming, ...)",NA,"","cinese",""
"10",10,"MS1801 9415 A001 NOVARA 2021","Molto","Computer","Casa","Spesso utile","Raramente","Si","Mai","pdf","","MS1801 9415 A001 NOVARA 2021","e-mail
whatsapp","WhatsApp
FaceTime
Altro","You Tube
Instagram","Video delle lezioni in Aula in diretta su Meet o Zoom (con possibilità di intervenire)","Netflix
Amazon Prime video
Infinity
TimVision","Zoom
Meet","MS1801 9415 A001 NOVARA 2021",7,"Auto personale","Alpinismo
Sci
Pallavolo/beach volley
Equitazione","Liceo Scientifico",2002,42,3,"0","Blu","Gatto
Altro",165,195,170,"inter","Castani","Marroni","Femmina",60,"camminare, escursionismo montano, passeggiare, andare a cavallo
cucinare
fotografia
guardare documentari, film, telefilm, serie tv, sport
motori
palestra
sport
turismo",4,"lupo","pizza",""
"11",11,"MS1801 9415 A001 NOVARA 2021","Molto","Computer","Casa","Spesso utile","Raramente","Si","Sempre","pdf","","MS1801 9415 A001 NOVARA 2021","e-mail
whatsapp","WhatsApp
FaceTime
Altro","Twitter
Instagram","Lezioni frontali in Aula","Netflix","Meet","MS1801 9415 A001 NOVARA 2021",3,"Treno","","Liceo Scientifico",2002,39,3,"3","Rosso","Gatto
Cane",155,170,156,"","Castani","Marroni","Femmina",70,"ascoltare la musica
assistere ad eventi dal vivo (attività sportive, concerti)
cucinare
fotografia
guardare documentari, film, telefilm, serie tv, sport",3,"polpo","pizza",""
"12",12,"MS1801 9415 A001 NOVARA 2021","Molto","Computer","Casa","Qualche volta utile","Mai","Si","Mai","pdf","","MS1801 9415 A001 NOVARA 2021","e-mail
whatsapp","WhatsApp
Altro","You Tube
Instagram
Facebook","Video delle lezioni in Aula in diretta su Meet o Zoom (con possibilità di intervenire)","Netflix
Amazon Prime video","Zoom
Meet","MS1801 9415 A001 NOVARA 2021",7,"Auto personale","Ginnastica, aerobica, fitness e cultura fisica","Istituto tecnico settore tecnologico",2002,35,2,"1","Nero","Gatto
Cane
Pesci",163,166,148,"Juventus","Castani","Azzurro","Femmina",43,"cinema
guardare documentari, film, telefilm, serie tv, sport
shopping
volontariato (croce rossa, 118)",6,"koala","pizza",""
"13",13,"MS1801 9415 A001 NOVARA 2021","Si vedrà...","Computer","Casa","Raramente utile","Raramente","Si","Mai","pdf","","MS1801 9415 A001 NOVARA 2021","e-mail
whatsapp","WhatsApp","Instagram
Facebook","Lezioni frontali in Aula","Netflix
Amazon Prime video","Zoom
Meet","MS1801 9415 A001 NOVARA 2021",9,"Auto personale","Ginnastica, aerobica, fitness e cultura fisica","Liceo Scientifico",2002,41,3,"0","Verde","Gatto
Pesci
Rettili",165,180,172,"","Castani","Verdi","Femmina",75,"ascoltare la musica
ballare
danza
turismo",6,"gatto","pasta al pesto",""
"14",14,"MS1801 9415 A001 NOVARA 2021","Molto","Computer","Casa","Spesso utile","Raramente","Si","Mai","pdf","","MS1801 9415 A001 NOVARA 2021","e-mail","WhatsApp","Instagram","Video delle lezioni in Aula in diretta su Meet o Zoom (con possibilità di intervenire)","Netflix","FaceTime","MS1801 9415 A001 NOVARA 2021",7,"Piedi","","Liceo Linguistico",2001,40,2,"4","Rosso","Gatto
Cane",165,175,173,"nessuna","Rossi","Verdi","Femmina",56,"arti orientali: yoga, wing chun
ascoltare la musica
assistere ad eventi dal vivo (attività sportive, concerti)
camminare, escursionismo montano, passeggiare, andare a cavallo
cucinare
dipingere, disegnare
fotografia
guardare documentari, film, telefilm, serie tv, sport
palestra
recitazione (stand up comedy)
scrittura
shopping
storia dell’arte
suonare strumenti musicali
tecnologia, pc, scienza
varie (make up, mangiare dolci,  uncinetto, brainstorming, ...)
turismo
volontariato (croce rossa, 118)",7,"cane","parmigiana",""
"15",15,"MS1801 9415 A001 NOVARA 2021","Molto","Computer","Università","Difficile","Raramente","Si","Raramente","html","","MS1801 9415 A001 NOVARA 2021","e-mail
whatsapp
messaggi","WhatsApp","You Tube
Instagram","Lezioni frontali in Aula","Amazon Prime video","Meet","MS1801 9415 A001 NOVARA 2021",3,"Treno","Altro","Altro",2002,39,3,"1","Verde","Gatto
Cane",165,180,170,"Nessuna","Castani","Marroni","Femmina",80,"ascoltare la musica
assistere ad eventi dal vivo (attività sportive, concerti)
cinema
cucinare
guardare documentari, film, telefilm, serie tv, sport",4,"gatto","pizza",""
"16",16,"MS1801 9415 A001 NOVARA 2021","Molto","Computer","Casa","Spesso utile","Mai","Si","Mai","pdf","","MS1801 9415 A001 NOVARA 2021","e-mail
whatsapp
Telegram
snapchat","WhatsApp
FaceTime
Altro","You Tube
Instagram","Lezioni frontali in Aula","Netflix","Meet","MS1801 9415 A001 NOVARA 2021",7,"Bicicletta","Ginnastica, aerobica, fitness e cultura fisica
Sport acquatici
Ciclismo","Liceo Linguistico",2002,42,3,"0","Rosso","Conigli",140,164,162,"","Castani","Marroni","Maschio",70,"ascoltare la musica
camminare, escursionismo montano, passeggiare, andare a cavallo
cinema
fotografia
guardare documentari, film, telefilm, serie tv, sport
motori
palestra
tecnologia, pc, scienza
videogiochi",10,"coniglio","carne alla griglia",""
"17",17,"MS1801 9415 A001 NOVARA 2021","Poco","Telefono","Casa","Spesso utile","Raramente","Si","Sempre","pdf","","MS1801 9415 A001 NOVARA 2021","e-mail","WhatsApp","Instagram","","Netflix
Amazon Prime video","Meet","MS1801 9415 A001 NOVARA 2021",7,"Car sharing","","",NA,NA,NA,"","","",NA,NA,NA,"","","","",NA,"",NA,"","",""
"18",18,"MS1801 9415 A001 NOVARA 2021","Si vedrà...","Computer","Casa","Spesso utile","Raramente","Si","Raramente","pdf","","MS1801 9415 A001 NOVARA 2021","e-mail
whatsapp","WhatsApp","Twitter
Instagram
Altro","Lezioni frontali in Aula","Netflix
Amazon Prime video","Zoom
Meet","MS1801 9415 A001 NOVARA 2021",7,"Auto personale","","Istituto tecnico settore tecnologico",2000,38,12,"1","Viola","Gatto
Cane",NA,NA,NA,"","","","",NA,"ascoltare la musica
letture particolari: manga, news di natura finanziaria
varie (make up, mangiare dolci,  uncinetto, brainstorming, ...)",9,"gatto","",""
"19",19,"MS1801 9415 A001 NOVARA 2021","Si vedrà...","Computer","Casa","Difficile","Mai","Si","Raramente","pdf","","MS1801 9415 A001 NOVARA 2021","whatsapp","WhatsApp
FaceTime","Instagram","Lezioni frontali in Aula","Netflix
Amazon Prime video
TimVision","Zoom
Meet
Skype
FaceTime","MS1801 9415 A001 NOVARA 2021",7,"Auto personale","Ginnastica, aerobica, fitness e cultura fisica
Sci","Liceo Scientifico",2002,37,1,"2","Viola","Gatto",160,170,157,"Juventus","Biondi","Marroni","Femmina",47,"ascoltare la musica
ballare
cucinare
danza
palestra
suonare strumenti musicali",12,"tigre","risotto con i funghi",""
"20",20,"MS1801 9415 A001 NOVARA 2021","Molto","Computer","Casa","Qualche volta utile","Raramente","Si","Raramente","pdf","","MS1801 9415 A001 NOVARA 2021","whatsapp
Telegram","WhatsApp","You Tube
Instagram","Lezioni frontali in Aula","Netflix
Amazon Prime video","Zoom","MS1801 9415 A001 NOVARA 2021",8,"Auto personale","Ginnastica, aerobica, fitness e cultura fisica","Liceo Linguistico",2000,43,3,"1","Blu","Gatto
Cane",162,181,183,"inter","Castani","Verdi","Maschio",64,"ascoltare la musica
cucinare
motori
palestra
sport
tecnologia, pc, scienza
turismo
videogiochi",2,"quokka","verze e costine della nonna",""
"21",21,"MS1801 9415 A001 NOVARA 2021","Molto","Computer","Casa","Spesso utile","Mai","Si","Raramente","html","","MS1801 9415 A001 NOVARA 2021","e-mail
whatsapp","WhatsApp
Skype
FaceTime
Altro","Instagram","Lezioni frontali in Aula","Netflix
Amazon Prime video","Zoom
Meet
Skype","MS1801 9415 A001 NOVARA 2021",3,"Auto personale","Sport acquatici
Ciclismo","Liceo Scientifico",2002,44,8,"2","Rosso","Gatto",170,165,170,"","Rossi","Azzurro","Maschio",70,"ascoltare la musica
camminare, escursionismo montano, passeggiare, andare a cavallo
cucinare",4,"volpe","patatine fritte",""
"22",22,"MS1801 9415 A001 NOVARA 2021","Si vedrà...","Computer","Casa","Qualche volta utile","Mai","Si","Mai","pdf","","MS1801 9415 A001 NOVARA 2021","e-mail","Skype
Altro","You Tube
Instagram","Lezioni frontali in Aula","","Zoom
Meet
Skype","MS1801 9415 A001 NOVARA 2021",9,"Autobus","Ginnastica, aerobica, fitness e cultura fisica","Liceo Scientifico",2001,39,6,"1","Rosso","Cane",170,170,168,"toro","Biondi","Azzurro","Femmina",54,"camminare, escursionismo montano, passeggiare, andare a cavallo
dipingere, disegnare
guardare documentari, film, telefilm, serie tv, sport
scrittura
suonare strumenti musicali
varie (make up, mangiare dolci,  uncinetto, brainstorming, ...)
volontariato (croce rossa, 118)",4,"cavallo","gelato",""
"23",23,"MS1801 9415 A001 NOVARA 2021","Molto","Computer","Casa","Qualche volta utile","Raramente","Si","Mai","pdf","","MS1801 9415 A001 NOVARA 2021","e-mail","WhatsApp","You Tube
Instagram","Lezioni frontali in Aula","Netflix
Amazon Prime video","Meet","MS1801 9415 A001 NOVARA 2021",0,"Auto personale","Calcio e calcetto
Pallacanestro
Pallavolo/beach volley","Liceo Scientifico",2002,42,6,"1","Blu","Gatto",165,172,180,"Juventus","Biondi","Marroni","Maschio",75,"ascoltare la musica
guardare documentari, film, telefilm, serie tv, sport
sport",1,"tigre","pizza",""
"24",24,"MS1801 9415 A001 NOVARA 2021","Si vedrà...","Tablet","Casa","Difficile","Talvolta","Si","Mai","pdf","","MS1801 9415 A001 NOVARA 2021","e-mail
whatsapp","WhatsApp
FaceTime","Instagram","Lezioni frontali in Aula","Netflix
Amazon Prime video","Zoom
Meet","MS1801 9415 A001 NOVARA 2021",6,"Auto personale","Ginnastica, aerobica, fitness e cultura fisica","Liceo Scientifico",2003,39,1,"0","Rosa","Gatto
Cane",177,182,167,"Milan","Castani","Marroni","Femmina",61,"ascoltare la musica
cucinare
palestra
sport
shopping
varie (make up, mangiare dolci,  uncinetto, brainstorming, ...)
volontariato (croce rossa, 118)",2,"koala","pizza",""
"25",25,"MS1801 9415 A001 NOVARA 2021","Si vedrà...","Computer","Casa","Qualche volta utile","Talvolta","Si","Raramente","pdf","La gestione mi sembra adeguata così com’è.","MS1801 9415 A001 NOVARA 2021","e-mail","WhatsApp
FaceTime","You Tube
Instagram","Lezioni frontali in Aula","Netflix
Amazon Prime video","Zoom
Meet","MS1801 9415 A001 NOVARA 2021",2,"Piedi","Altro","Liceo Scientifico",2002,37,3,"0","Viola","Nessuno",162,172,162,"Nessuna","Castani","Verdi","Femmina",52,"ascoltare la musica
cinema
guardare documentari, film, telefilm, serie tv, sport
varie (make up, mangiare dolci,  uncinetto, brainstorming, ...)
videogiochi",8,"gatto","pizza","In realtà i capelli sono tra castano è biondo e ho gli occhi di tre diversi colori (verde scuro, marrone e grigio) che mesi insieme risultano in un verde, circa."
"26",26,"MS1801 9415 A001 NOVARA 2021","Molto","Computer","Università","Spesso utile","Raramente","Si","Mai","pdf","","MS1801 9415 A001 NOVARA 2021","whatsapp
messaggi","WhatsApp
FaceTime","Twitter
Instagram","Lezioni frontali in Aula","Netflix","Meet","MS1801 9415 A001 NOVARA 2021",7,"Treno","Ginnastica, aerobica, fitness e cultura fisica","Liceo Linguistico",2002,41,3,"2","Blu","Gatto",175,178,172,"INTER","Castani","Marroni","Femmina",51,"ascoltare la musica
cantare
cinema
dipingere, disegnare",9,"gatto","pizza","Animale preferito: Ghepardo
Cibo preferito: pasta alla gricia/carbonara"
"27",27,"MS1801 9415 A001 NOVARA 2021","Molto","Computer","Casa","Qualche volta utile","Raramente","Si","Mai","pdf","","MS1801 9415 A001 NOVARA 2021","e-mail
whatsapp
messaggi","WhatsApp
Google Duo
Messsanger","You Tube
Twitter
Instagram
Facebook","Video registrati in differita","Netflix
Amazon Prime video
AppleTV+","Zoom
Meet","MS1801 9415 A001 NOVARA 2021",4,"Auto personale","Arti marziali","Istituto tecnico settore tecnologico",2002,39,1.5,"1","Rosso","Nessuno",161,182,163,"Juventus","Castani","Marroni","Femmina",46,"ascoltare la musica
cantare
cinema
cucinare
guardare documentari, film, telefilm, serie tv, sport
letture particolari: manga, news di natura finanziaria
motori
palestra
shopping
suonare strumenti musicali
volontariato (croce rossa, 118)",6,"cavallo","lasagne",""
"28",28,"MS1801 9415 A001 NOVARA 2021","Molto","Telefono","Casa","Qualche volta utile","","No","Sempre","pdf","","MS1801 9415 A001 NOVARA 2021","e-mail
whatsapp","WhatsApp","Instagram","","Netflix
Amazon Prime video","Zoom
Meet","MS1801 9415 A001 NOVARA 2021",7,"Auto personale","Sci
Atletica leggera
Pallavolo/beach volley","Liceo Scientifico",2002,39,4,"2","Giallo","Nessuno",160,185,168,"","Biondi","Azzurro","Femmina",62,"ballare
cantare
comporre musica e coreografie
danza
scrittura
suonare strumenti musicali
volontariato (croce rossa, 118)",5,"gatto","gelato",""
"29",29,"MS1801 9415 A001 NOVARA 2021","Poco","Computer","Casa","Spesso utile","Raramente","Si","Raramente","pdf","","MS1801 9415 A001 NOVARA 2021","e-mail","WhatsApp","You Tube
Instagram","Video delle lezioni in Aula in diretta su Meet o Zoom (con possibilità di intervenire)","Netflix","Meet","MS1801 9415 A001 NOVARA 2021",2,"Auto personale","Alpinismo
Sci
Atletica leggera
Altro","Liceo Scientifico",2002,38,1,"1","Giallo","Gatto
Pesci",162,180,162,"nessuna","Castani","Marroni","Femmina",48,"ascoltare la musica
assistere ad eventi dal vivo (attività sportive, concerti)
camminare, escursionismo montano, passeggiare, andare a cavallo
guardare documentari, film, telefilm, serie tv, sport
moda
palestra
sport
shopping
varie (make up, mangiare dolci,  uncinetto, brainstorming, ...)
turismo",3,"koala","pane e nutella",""
"30",30,"MS1801 9415 A001 NOVARA 2021","Molto","Computer","Casa","Spesso utile","Raramente","No","Sempre","pdf","","MS1801 9415 A001 NOVARA 2021","e-mail","WhatsApp","You Tube
Instagram","","Netflix","Meet","MS1801 9415 A001 NOVARA 2021",9,"Treno","","Altro",2001,38,1,"1","Blu","",NA,NA,163,"","Castani","Marroni","Femmina",39,"ascoltare la musica",6,"cavallo","McDonald",""
"31",31,"MS1801 9415 A001 NOVARA 2021","Si vedrà...","Computer","Università","Spesso utile","Raramente","Si","Raramente","pdf","","MS1801 9415 A001 NOVARA 2021","e-mail
whatsapp
messaggi","WhatsApp
Google Duo","You Tube
Instagram","Lezioni frontali in Aula","","Zoom","MS1801 9415 A001 NOVARA 2021",10,"Treno","Sci","Istituto tecnico settore tecnologico",2002,43,3,"1","Blu","Nessuno",165,174,177,"juventus","Castani","Azzurro","Maschio",66,"ascoltare la musica
camminare, escursionismo montano, passeggiare, andare a cavallo
motori
suonare strumenti musicali",4,"cane","lasagne","Questionario molto carino e innaspettato, nei cibi preferiti aggiungerei la fiorentina, la créme caramel e il ghiacciolo; tra gli animali preferiti aggiungerei mammut e lo squalo martello"
"32",32,"MS1801 9415 A001 NOVARA 2021","Molto","Computer","Casa","Raramente utile","Spesso","Si","Raramente","pdf","","MS1801 9415 A001 NOVARA 2021","e-mail
whatsapp","WhatsApp","You Tube
Instagram","Lezioni frontali in Aula","Netflix","Meet","MS1801 9415 A001 NOVARA 2021",2,"Piedi","Equitazione","Liceo Linguistico",2002,39,4,"2","Rosso","Cane",165,182,167,"Nessuna","Castani","Marroni","Femmina",66,"ascoltare la musica
assistere ad eventi dal vivo (attività sportive, concerti)
camminare, escursionismo montano, passeggiare, andare a cavallo
guardare documentari, film, telefilm, serie tv, sport
letture particolari: manga, news di natura finanziaria
scrittura
storia dell’arte
videogiochi
volontariato (croce rossa, 118)",2,"cavallo","pizza",""
"33",33,"MS1801 9415 A001 NOVARA 2021","Si vedrà...","Computer","Casa","Difficile","Raramente","No","Sempre","pdf","","MS1801 9415 A001 NOVARA 2021","e-mail","WhatsApp
Altro","Instagram","Lezioni frontali in Aula","Netflix
Amazon Prime video","Meet","MS1801 9415 A001 NOVARA 2021",10,"Auto personale","Sport acquatici
Running","Liceo Scientifico",2002,38,3,"1","Blu","Nessuno",164,173,156,"","Castani","Marroni","Femmina",52,"ascoltare la musica
cucinare
storia dell’arte
varie (make up, mangiare dolci,  uncinetto, brainstorming, ...)",3,"","lasagne",""
"34",34,"MS1801 9415 A001 NOVARA 2021","","Computer","Casa","Difficile","Spesso","Si","Raramente","pdf","","MS1801 9415 A001 NOVARA 2021","whatsapp
snapchat","WhatsApp","","Lezioni frontali in Aula","Netflix","Meet","MS1801 9415 A001 NOVARA 2021",8,"Treno","Altro","Istituto Professionale",2002,37,NA,"2","Altro","Gatto
Cane
Conigli",NA,NA,NA,"","Castani","Azzurro","Femmina",51,"camminare, escursionismo montano, passeggiare, andare a cavallo
fotografia
guardare documentari, film, telefilm, serie tv, sport
moda
shopping",8,"gatto","cinese",""
"35",35,"MS1801 9415 A001 NOVARA 2021","Si vedrà...","Computer","Casa","Difficile","Raramente","Si","Spesso","pdf","La gestione del Forum è ottimale.","MS1801 9415 A001 NOVARA 2021","whatsapp","WhatsApp","Instagram","Lezioni frontali in Aula","","Zoom
Meet","MS1801 9415 A001 NOVARA 2021",9,"Auto personale","Ciclismo","Liceo Classico",2002,39,0,"0","Rosa","Cane
Uccelli",160,190,164,"Nessuna","Biondi","Marroni","Femmina",47,"camminare, escursionismo montano, passeggiare, andare a cavallo
moda
sport
storia dell’arte
tecnologia, pc, scienza",11,"mucca","pasta al sugo","Le risposte sembrano essere abbastanza complete !!"
"36",36,"MS1801 9415 A001 NOVARA 2021","Molto","Computer","Casa","Qualche volta utile","Mai","Si","Mai","pdf","","MS1801 9415 A001 NOVARA 2021","e-mail
whatsapp","FaceTime","You Tube
Instagram
Facebook","Video delle lezioni in Aula in diretta su Meet o Zoom (con possibilità di intervenire)","Netflix
Amazon Prime video","Zoom
Meet
FaceTime","MS1801 9415 A001 NOVARA 2021",8,"Altro","","Liceo Scientifico",2000,42,15,"1","Blu","Cane",165,180,178,"Inter","Castani","Verdi","Maschio",62,"ascoltare la musica
motori",7,"cavallo","spaghetti alla carbonara",""
"37",37,"MS1801 9415 A001 NOVARA 2021","Molto","Computer","Casa","Qualche volta utile","Mai","Si","Mai","pdf","","MS1801 9415 A001 NOVARA 2021","e-mail
whatsapp","WhatsApp
Skype
FaceTime
Altro","You Tube
Twitter
Instagram
Altro","Lezioni frontali in Aula","Netflix
Amazon Prime video
AppleTV+","Zoom
Meet
Skype
FaceTime","MS1801 9415 A001 NOVARA 2021",9,"Auto personale","Sci
Altro","Liceo Scientifico",2002,38,5,"0","Azzurro","Nessuno
Cane",160,180,163,"milan","Castani","Marroni","Femmina",65,"ascoltare la musica
assistere ad eventi dal vivo (attività sportive, concerti)
ballare
camminare, escursionismo montano, passeggiare, andare a cavallo
cucinare
danza
guardare documentari, film, telefilm, serie tv, sport
moda
motori
palestra",11,"leone","pasta col pesce",""
"38",38,"MS1801 9415 A001 NOVARA 2021","Molto","Tablet","Casa","Qualche volta utile","Raramente","No","Sempre","pdf","","MS1801 9415 A001 NOVARA 2021","e-mail
whatsapp
Altro","WhatsApp
Altro","You Tube
Instagram
Altro","Lezioni frontali in Aula","Netflix
Amazon Prime video","Zoom
Meet","MS1801 9415 A001 NOVARA 2021",3,"Treno","","Liceo Scientifico",2002,38,4,"0","Nero","Gatto
Cane",160,175,159,"milan","Castani","Marroni","Femmina",NA,"ascoltare la musica
cucinare
guardare documentari, film, telefilm, serie tv, sport
shopping
varie (make up, mangiare dolci,  uncinetto, brainstorming, ...)",8,"tigre","lasagne",""
"39",39,"MS1801 9415 A001 NOVARA 2021","","","","","","","","","","MS1801 9415 A001 NOVARA 2021","whatsapp
Altro","WhatsApp
Altro","Twitter
Instagram","Lezioni frontali in Aula","Netflix
Amazon Prime video","Meet","MS1801 9415 A001 NOVARA 2021",4,"Piedi","Ginnastica, aerobica, fitness e cultura fisica
Sport acquatici
Sci","Liceo Classico",2002,41,5,"1","Marrone","Pesci",168,180,176,"Inter","Rossi","Verdi","Femmina",NA,"ascoltare la musica
camminare, escursionismo montano, passeggiare, andare a cavallo
cantare
cucinare
dipingere, disegnare
fotografia
guardare documentari, film, telefilm, serie tv, sport
letture particolari: manga, news di natura finanziaria
scrittura
studiare lingue orientali
tecnologia, pc, scienza
turismo",NA,"cavallo","frutta","Come si fa a scegliere un cibo soloo? :D
Forse aggiungerei &amp;quot;Quali generi di film/libri/musica preferisci?&amp;quot; è divertente conoscere le risposte, sono degli ottimi indicatori!
ps
splendida idea quella del sondaggio!!"
"40",40,"MS1801 9415 A001 NOVARA 2021","Molto","Computer","Casa","Raramente utile","Talvolta","No","Spesso","pdf","Aumenterei gli esercizi per capire meglio i concetti","MS1801 9415 A001 NOVARA 2021","whatsapp","WhatsApp
Skype
FaceTime","Instagram
Linkedin","Video delle lezioni in Aula in diretta su Meet o Zoom (con possibilità di intervenire)","Netflix
Amazon Prime video","Zoom
Meet","MS1801 9415 A001 NOVARA 2021",5,"Treno","Altro","Liceo Linguistico",2002,38,9,"1","Bianco","Gatto
Cane",160,178,168,"Milan","Castani","Marroni","Femmina",50,"cinema
moda
recitazione (stand up comedy)
shopping",11,"cavallo","pizza",""
"41",41,"MS1801 9415 A001 NOVARA 2021","Molto","Computer","Casa","Difficile","Raramente","Si","Mai","pdf","Dedicherei più tempo alla spiegazione dell&#039;utilizzo di R o dedicherei degli appunti più dettagliati","MS1801 9415 A001 NOVARA 2021","e-mail
whatsapp","WhatsApp
Google Duo
Messsanger
Altro","You Tube
Instagram
Facebook
Altro","Video delle lezioni in Aula in diretta su Meet o Zoom (con possibilità di intervenire)","Netflix","Zoom
Meet","MS1801 9415 A001 NOVARA 2021",7,"Piedi","Ginnastica, aerobica, fitness e cultura fisica
Alpinismo
Altro","Liceo Scientifico",1999,41,1,"2","Blu","Gatto
Rettili
Uccelli",163,184,172,"Inter","Castani","Verdi","Femmina",55,"ascoltare la musica
assistere ad eventi dal vivo (attività sportive, concerti)
ballare
camminare, escursionismo montano, passeggiare, andare a cavallo
cantare
cinema
danza
fotografia
guardare documentari, film, telefilm, serie tv, sport
sport
recitazione (stand up comedy)
scrittura
varie (make up, mangiare dolci,  uncinetto, brainstorming, ...)
volontariato (croce rossa, 118)",1,"gatto","risotto con i funghi","Il torrone nei cibi preferiti"
"42",42,"MS1801 9415 A001 NOVARA 2021","Molto","Computer","Università","Spesso utile","Talvolta","No","Spesso","pdf","","MS1801 9415 A001 NOVARA 2021","e-mail
whatsapp
Telegram","WhatsApp
FaceTime","You Tube
Instagram
Linkedin","Video delle lezioni in Aula in diretta su Meet o Zoom (con possibilità di intervenire)","Netflix
Amazon Prime video","Zoom
Meet","MS1801 9415 A001 NOVARA 2021",3,"Auto personale","Ginnastica, aerobica, fitness e cultura fisica","Istituto Professionale",2000,39,2,"1","Altro","Cane",165,175,173,"nessuna","Castani","Marroni","Femmina",58,"ascoltare la musica
cucinare
fotografia
guardare documentari, film, telefilm, serie tv, sport
moda
palestra
sport
shopping
tecnologia, pc, scienza",1,"cane","sushi",""
"43",43,"MS1801 9415 A001 NOVARA 2021","Molto","Computer","Casa","Qualche volta utile","Mai","Si","Spesso","pdf","","MS1801 9415 A001 NOVARA 2021","e-mail
whatsapp","FaceTime","Instagram","Lezioni frontali in Aula","Netflix
Amazon Prime video","Zoom
Meet","MS1801 9415 A001 NOVARA 2021",5,"Piedi","Ginnastica, aerobica, fitness e cultura fisica
Sci
Altro","Liceo Scientifico",2003,38.5,2,"1","Rosso","Cane",163,175,164,"Juventus","Biondi","Azzurro","Femmina",53,"ascoltare la musica
assistere ad eventi dal vivo (attività sportive, concerti)
camminare, escursionismo montano, passeggiare, andare a cavallo
cinema
guardare documentari, film, telefilm, serie tv, sport
sport
shopping",2,"panda","bistecca",""
"44",44,"MS1801 9415 A001 NOVARA 2021","Molto","Computer","Casa","Spesso utile","Mai","Si","Sempre","html","Ho utilizzato spesso il formato html poiché il pdf non scorreva o rimaneva bloccato. Per il resto non ho riscontrato altri problemi","MS1801 9415 A001 NOVARA 2021","Altro","WhatsApp
FaceTime","Instagram","Video delle lezioni in Aula in diretta streaming","Netflix
Amazon Prime video","Zoom
Meet","MS1801 9415 A001 NOVARA 2021",5,"Treno","Ginnastica, aerobica, fitness e cultura fisica","Liceo Scientifico",2002,37,6,"0","Bianco","Gatto",158,175,163,"Nessuna","Castani","Marroni","Femmina",55,"ascoltare la musica
moda",9,"cavallo","gelato",""
"45",45,"MS1801 9415 A001 NOVARA 2021","Si vedrà...","Computer","Casa","Spesso utile","Raramente","Si","Mai","pdf","","MS1801 9415 A001 NOVARA 2021","e-mail","Altro","Instagram","Lezioni frontali in Aula","Netflix
Amazon Prime video","Zoom
Meet","MS1801 9415 A001 NOVARA 2021",6,"Auto personale","Alpinismo
Pallacanestro","Liceo Scientifico",2002,44,3,"1","Blu","Gatto",165,178,181,"","Biondi","Azzurro","Maschio",72,"camminare, escursionismo montano, passeggiare, andare a cavallo
guardare documentari, film, telefilm, serie tv, sport
palestra
volontariato (croce rossa, 118)",5,"panda","risotto con i funghi",""
"46",46,"MS1801 9415 A001 NOVARA 2021","Molto","Tablet","Università","Difficile","Mai","No","Sempre","pdf","","MS1801 9415 A001 NOVARA 2021","whatsapp
Telegram","WhatsApp
Skype
Google Duo","You Tube
Instagram","Lezioni frontali in Aula","Amazon Prime video","Zoom
Meet
Skype","MS1801 9415 A001 NOVARA 2021",8,"Treno","Pattinaggio","Liceo Scientifico",2002,41,1,"3","Giallo","Nessuno",170,182,176,"milan","Biondi","Marroni","Femmina",60,"ascoltare la musica
assistere ad eventi dal vivo (attività sportive, concerti)
ballare
cantare
sport
suonare strumenti musicali
volontariato (croce rossa, 118)",12,"tigre","pizza",""
"47",47,"MS1801 9415 A001 NOVARA 2021","Si vedrà...","Tablet","Università","Difficile","Raramente","No","Sempre","pdf","","MS1801 9415 A001 NOVARA 2021","e-mail
whatsapp
messaggi","WhatsApp
FaceTime
Altro","You Tube
Twitter
Instagram
Altro","","Netflix
Amazon Prime video
Infinity","Zoom
Meet
Skype
FaceTime","MS1801 9415 A001 NOVARA 2021",8,"Piedi","Pallavolo/beach volley","Liceo Scientifico",2002,40,1,"2","Rosso","Nessuno",173,185,173,"Juventus","Biondi","Marroni","Femmina",60,"ascoltare la musica
ballare
camminare, escursionismo montano, passeggiare, andare a cavallo
cantare
cinema
cucinare
danza
fotografia
guardare documentari, film, telefilm, serie tv, sport
sport
shopping
suonare strumenti musicali
turismo",5,"cane","pasta al tonno",""
"48",48,"MS1801 9415 A001 NOVARA 2021","Poco","Computer","Casa","Spesso utile","Mai","Si","Mai","pdf","","MS1801 9415 A001 NOVARA 2021","e-mail","WhatsApp
Altro","Instagram","Lezioni frontali in Aula","Netflix","Meet","MS1801 9415 A001 NOVARA 2021",7,"Treno","Altro","Liceo Scientifico",2003,39,15,"1","Arancione","Nessuno",180,180,172,"toro","Castani","Azzurro","Femmina",59,"ascoltare la musica
camminare, escursionismo montano, passeggiare, andare a cavallo
motori
sport
shopping
turismo",2,"","carne alla griglia","animale preferito: bradipo
sport: motocross/enduro"
"49",49,"MS1801 9415 A001 NOVARA 2021","Molto","Computer","Casa","Qualche volta utile","","Si","Mai","pdf","","MS1801 9415 A001 NOVARA 2021","e-mail","WhatsApp","You Tube
Instagram","Lezioni frontali in Aula","Netflix","Meet","MS1801 9415 A001 NOVARA 2021",6,"Auto personale","","Istituto tecnico settore tecnologico",2001,42,10,"0","Rosso","Gatto",NA,NA,178,"Juventus","Castani","Azzurro","Maschio",76,"assistere ad eventi dal vivo (attività sportive, concerti)
camminare, escursionismo montano, passeggiare, andare a cavallo
motori
tecnologia, pc, scienza",11,"gatto","tiramisù",""
"50",50,"MS1801 9415 A001 NOVARA 2021","Molto","Computer","Casa","Difficile","Mai","Si","Mai","pdf","Dedicherei, in classe, più tempo ad R dato che risulta essere il tema più ostico.","MS1801 9415 A001 NOVARA 2021","e-mail
whatsapp","WhatsApp
Skype
Altro","You Tube
Twitter
Instagram
Linkedin
Altro","Video registrati in differita","Netflix
Amazon Prime video","Zoom
Meet
Skype","MS1801 9415 A001 NOVARA 2021",1,"Auto personale","Sport acquatici","Liceo Scientifico",2002,37,6,"1","Blu","Cane",170,185,165,"inter","Castani","Marroni","Femmina",57,"ascoltare la musica
assistere ad eventi dal vivo (attività sportive, concerti)
cinema
fotografia
guardare documentari, film, telefilm, serie tv, sport
varie (make up, mangiare dolci,  uncinetto, brainstorming, ...)",11,"fenicottero","pizza",""
"51",51,"MS1801 9415 A001 NOVARA 2021","Si vedrà...","Computer","Casa","Raramente utile","Raramente","No","Sempre","pdf","","MS1801 9415 A001 NOVARA 2021","e-mail
whatsapp","FaceTime","Instagram","Lezioni frontali in Aula","Netflix
Amazon Prime video
TimVision","Zoom
Meet
FaceTime","MS1801 9415 A001 NOVARA 2021",7,"Treno","Altro","Liceo Scientifico",2002,37,2,"1","Verde","Nessuno",170,175,167,"milan","Castani","Marroni","Femmina",50,"shopping
turismo",9,"cane","zuppa di porri",""
"52",52,"MS1801 9415 A001 NOVARA 2021","Molto","Computer","Casa","Qualche volta utile","Mai","No","Sempre","pdf","","MS1801 9415 A001 NOVARA 2021","e-mail
whatsapp","WhatsApp
Altro","You Tube
Instagram","Video delle lezioni in Aula in diretta su Meet o Zoom (con possibilità di intervenire)","Netflix
Amazon Prime video","Zoom
Meet
Skype","MS1801 9415 A001 NOVARA 2021",2,"Auto personale","Ginnastica, aerobica, fitness e cultura fisica
Running","Liceo Scientifico",2002,42,4,"3","Arancione","Pesci",165,180,178,"Milan","Castani","Verdi","Maschio",62,"ascoltare la musica
cantare
comporre musica e coreografie
guardare documentari, film, telefilm, serie tv, sport
palestra
suonare strumenti musicali",11,"aquila","lasagne",""
"53",53,"MS1801 9415 A001 NOVARA 2021","Poco","Computer","Casa","Spesso utile","Mai","No","Sempre","pdf","","MS1801 9415 A001 NOVARA 2021","e-mail
whatsapp
twitter","WhatsApp","Twitter
Instagram","Lezioni frontali in Aula","Netflix
Amazon Prime video","Zoom
Meet","MS1801 9415 A001 NOVARA 2021",5,"Auto personale","","Istituto tecnico settore tecnologico",2000,38,4,"0","Verde","Gatto
Cane",165,182,170,"","Altro","Marroni","",55,"letture particolari: manga, news di natura finanziaria
studiare lingue orientali
varie (make up, mangiare dolci,  uncinetto, brainstorming, ...)",5,"mucca","risotto allo zafferano",""
"54",54,"MS1801 9415 A001 NOVARA 2021","Molto","Tablet","Casa","Difficile","Mai","No","Raramente","pdf","","MS1801 9415 A001 NOVARA 2021","e-mail
whatsapp
messaggi","WhatsApp
FaceTime","Instagram","Lezioni frontali in Aula","Netflix
Amazon Prime video
TimVision","Meet
FaceTime","MS1801 9415 A001 NOVARA 2021",4,"Treno","","Liceo Linguistico",2002,39,4,"1","Bianco","Cane",NA,NA,170,"","Castani","Marroni","Femmina",49,"ascoltare la musica
assistere ad eventi dal vivo (attività sportive, concerti)
ballare
camminare, escursionismo montano, passeggiare, andare a cavallo
cantare
cinema
cucinare
danza
fotografia
guardare documentari, film, telefilm, serie tv, sport
shopping
storia dell’arte
suonare strumenti musicali
turismo",NA,"cane","pizza",""
"55",55,"MS1801 9415 A001 NOVARA 2021","Molto","Computer","Casa","Raramente utile","Mai","Si","Mai","pdf","","MS1801 9415 A001 NOVARA 2021","whatsapp","WhatsApp
Skype
Altro","You Tube
Instagram
Facebook","Lezioni frontali in Aula","Netflix
Amazon Prime video","Zoom","MS1801 9415 A001 NOVARA 2021",6,"Bicicletta","Arti marziali","Liceo Scientifico",2000,43,2,"2","Blu","Nessuno",155,165,174,"inter","Castani","Azzurro","Maschio",62,"ascoltare la musica
camminare, escursionismo montano, passeggiare, andare a cavallo
cucinare
guardare documentari, film, telefilm, serie tv, sport
motori
sport
videogiochi",12,"pantera","pizza","Ghepardo come animale preferito"
"56",56,"MS1801 9415 A001 NOVARA 2021","Si vedrà...","Computer","Casa","Difficile","Raramente","Si","Mai","pdf","","MS1801 9415 A001 NOVARA 2021","e-mail
whatsapp","WhatsApp
FaceTime","You Tube
Instagram","","Netflix
Amazon Prime video","Meet","MS1801 9415 A001 NOVARA 2021",7,"Auto personale","","Istituto tecnico settore tecnologico",2002,38,3,"2","Rosa","",165,165,163,"Napoli","Castani","Verdi","Femmina",55,"ascoltare la musica
assistere ad eventi dal vivo (attività sportive, concerti)
camminare, escursionismo montano, passeggiare, andare a cavallo
cinema
cucinare
dipingere, disegnare
fotografia
moda
shopping
tecnologia, pc, scienza
varie (make up, mangiare dolci,  uncinetto, brainstorming, ...)",7,"delfino","McDonald",""
"57",57,"MS1801 9415 A001 NOVARA 2021","Molto","Computer","Casa","Spesso utile","Raramente","Si","Spesso","pdf","","MS1801 9415 A001 NOVARA 2021","e-mail","WhatsApp","You Tube
Instagram","Lezioni frontali in Aula","Amazon Prime video
Infinity","Zoom
Meet","MS1801 9415 A001 NOVARA 2021",5,"Treno","Tennis/tennis tavolo","Istituto tecnico settore tecnologico",2002,37,1,"0","Rosso","Cane
Pesci
Uccelli",156,175,158,"Torino","Biondi","Verdi","Femmina",65,"arti orientali: yoga, wing chun
ascoltare la musica
assistere ad eventi dal vivo (attività sportive, concerti)
camminare, escursionismo montano, passeggiare, andare a cavallo
cinema
cucinare
giardinaggio, orto
guardare documentari, film, telefilm, serie tv, sport
sport
volontariato (croce rossa, 118)",12,"cane","pasta al sugo","Domanda sul nostro idolo e obiettivo che vogliamo raggiungere da grandi"
"58",58,"MS1801 9415 A001 NOVARA 2021","Molto","Computer","Casa","Raramente utile","Raramente","Si","Spesso","pdf","","MS1801 9415 A001 NOVARA 2021","whatsapp","WhatsApp","Instagram","Video delle lezioni in Aula in diretta su Meet o Zoom (con possibilità di intervenire)","Amazon Prime video","Zoom","MS1801 9415 A001 NOVARA 2021",6,"Piedi","Altro","Liceo Scientifico",1997,40,6,"&amp;gt;4","Azzurro","Nessuno",NA,NA,NA,"","Nero","Marroni","Femmina",60,"ascoltare la musica",10,"cavallo","avocado",""
"59",59,"MS1801 9415 A001 NOVARA 2021","Si vedrà...","Telefono","Casa","Difficile","Talvolta","No","Sempre","html","Vorrei che si facessero esercizi in classe come quelli che ci ritroviamo nelle esercitazioni.","MS1801 9415 A001 NOVARA 2021","whatsapp","WhatsApp","You Tube","Video delle lezioni in Aula in diretta su Meet o Zoom (con possibilità di intervenire)","Netflix","Zoom","MS1801 9415 A001 NOVARA 2021",2,"Auto personale","Ginnastica, aerobica, fitness e cultura fisica
Alpinismo
Sci
Pattinaggio
Pallavolo/beach volley
Equitazione","Liceo Classico",2002,37,2,"1","Blu","Cane",168,178,170,"Juventus","Castani","Marroni","Femmina",52,"ascoltare la musica
assistere ad eventi dal vivo (attività sportive, concerti)
ballare
camminare, escursionismo montano, passeggiare, andare a cavallo
cantare
cinema
cucinare
guardare documentari, film, telefilm, serie tv, sport
moda
palestra
scrittura
storia dell’arte
suonare strumenti musicali
varie (make up, mangiare dolci,  uncinetto, brainstorming, ...)",9,"cavallo","frutta",""
"60",60,"MS1801 9415 A001 NOVARA 2021","Si vedrà...","Computer","Casa","Qualche volta utile","Raramente","Si","Mai","pdf","","MS1801 9415 A001 NOVARA 2021","e-mail
whatsapp","WhatsApp
FaceTime","You Tube
Instagram","Lezioni frontali in Aula","Netflix
TimVision","Zoom
Meet","MS1801 9415 A001 NOVARA 2021",2,"Auto personale","","Liceo Classico",2002,42,5,"0","Viola","Nessuno",160,185,180,"nessuna","Biondi","Verdi","Maschio",75,"ascoltare la musica
assistere ad eventi dal vivo (attività sportive, concerti)
ballare
camminare, escursionismo montano, passeggiare, andare a cavallo
guardare documentari, film, telefilm, serie tv, sport
moda
tecnologia, pc, scienza
turismo",10,"cane","pizza",""
"61",61,"MS1801 9415 A001 NOVARA 2021","Molto","Computer","Casa","Spesso utile","Spesso","Si","Raramente","pdf","","MS1801 9415 A001 NOVARA 2021","e-mail
whatsapp","WhatsApp
FaceTime","You Tube
Instagram","Video delle lezioni in Aula in diretta su Meet o Zoom (con possibilità di intervenire)","Netflix
Amazon Prime video
TimVision","Zoom
Meet
FaceTime","MS1801 9415 A001 NOVARA 2021",7,"Treno","","Altro",2002,38,8,"1","Rosso","Nessuno",168,170,174,"milan","Biondi","Verdi","Femmina",56,"ascoltare la musica
assistere ad eventi dal vivo (attività sportive, concerti)
ballare
cinema
cucinare
guardare documentari, film, telefilm, serie tv, sport
storia dell’arte
varie (make up, mangiare dolci,  uncinetto, brainstorming, ...)
volontariato (croce rossa, 118)",9,"alpaca","frutta",""
"62",62,"MS1801 9415 A001 NOVARA 2021","Molto","Computer","Università","Spesso utile","Raramente","","Spesso","pdf","","MS1801 9415 A001 NOVARA 2021","e-mail
whatsapp
Telegram","WhatsApp
Skype
Altro","Instagram
Facebook","Lezioni frontali in Aula","Netflix
Amazon Prime video
AppleTV+","Zoom
Meet
Skype","MS1801 9415 A001 NOVARA 2021",4,"Treno","","Liceo Classico",2002,37,8,"0","Blu","Cane",NA,NA,158,"","Castani","Marroni","Femmina",NA,"",NA,"","",""
"63",63,"MS1801 9415 A001 NOVARA 2021","Si vedrà...","Computer","Casa","Difficile","Raramente","No","Sempre","pdf","","MS1801 9415 A001 NOVARA 2021","e-mail
whatsapp
hangouts","Skype
FaceTime","You Tube
Instagram
Facebook
Altro","Video delle lezioni in Aula in diretta su Meet o Zoom (con possibilità di intervenire)","Netflix
Amazon Prime video","Meet","MS1801 9415 A001 NOVARA 2021",6,"Auto personale","Sci","Liceo Scientifico",2001,40,5,"1","Rosso","Nessuno",172,175,165,"juventus","Castani","Marroni","Femmina",65,"ascoltare la musica
assistere ad eventi dal vivo (attività sportive, concerti)
camminare, escursionismo montano, passeggiare, andare a cavallo
cinema
cucinare
guardare documentari, film, telefilm, serie tv, sport
moda
shopping
varie (make up, mangiare dolci,  uncinetto, brainstorming, ...)
turismo",10,"gatto","cioccolato",""
"64",64,"MS1801 9415 A001 NOVARA 2021","Molto","Computer","Casa","Raramente utile","Raramente","Si","Mai","pdf","","MS1801 9415 A001 NOVARA 2021","e-mail","Altro","Instagram","Lezioni frontali in Aula","Netflix
Amazon Prime video","Meet","MS1801 9415 A001 NOVARA 2021",5,"Autobus","Ginnastica, aerobica, fitness e cultura fisica","Liceo Scientifico",2002,38,6,"0","Bianco","Nessuno",155,178,167,"Inter","Castani","Marroni","Femmina",NA,"ascoltare la musica
palestra
scrittura
suonare strumenti musicali
varie (make up, mangiare dolci,  uncinetto, brainstorming, ...)",8,"cavallo","pizza",""
"65",65,"MS1801 9415 A001 NOVARA 2021","Molto","Computer","Università","Qualche volta utile","Mai","Si","Mai","pdf","","MS1801 9415 A001 NOVARA 2021","e-mail
whatsapp
messaggi","WhatsApp
FaceTime
Altro","You Tube
Instagram
Linkedin","Lezioni frontali in Aula","Netflix
Amazon Prime video","Zoom
Meet","MS1801 9415 A001 NOVARA 2021",10,"Auto personale","Calcio e calcetto
Ginnastica, aerobica, fitness e cultura fisica","Liceo Scientifico",2001,43,1,"1","Blu","Cane",175,177,183,"INTER","Castani","Marroni","Maschio",68,"arti orientali: yoga, wing chun
ascoltare la musica
sport",5,"pinguino","spaghetti alla carbonara","collezionismo come hobby"
"66",66,"MS1801 9415 A001 NOVARA 2021","Molto","Computer","Università","Qualche volta utile","Mai","Si","Sempre","pdf","","MS1801 9415 A001 NOVARA 2021","whatsapp","WhatsApp
FaceTime","You Tube
Instagram","Lezioni frontali in Aula","Netflix
Amazon Prime video","Meet
FaceTime","MS1801 9415 A001 NOVARA 2021",7,"Piedi","Ginnastica, aerobica, fitness e cultura fisica","Liceo Scientifico",2002,38,12,"1","Bianco","Nessuno",164,170,162,"milan","Biondi","Verdi","Femmina",62,"ascoltare la musica
ballare
cantare
moda
shopping
varie (make up, mangiare dolci,  uncinetto, brainstorming, ...)",5,"leone","pizza",""
"67",67,"MS1801 9415 A001 NOVARA 2021","Molto","Altro","Università","Qualche volta utile","Raramente","Si","Spesso","pdf","","MS1801 9415 A001 NOVARA 2021","e-mail","WhatsApp
Altro","You Tube
Instagram","Lezioni frontali in Aula","Netflix
Amazon Prime video","Zoom
Meet","MS1801 9415 A001 NOVARA 2021",3,"Treno","Sci","Liceo Classico",2002,39,3,"1","Bianco","Nessuno",165,193,170,"torino","Castani","Azzurro","Femmina",57,"ascoltare la musica
assistere ad eventi dal vivo (attività sportive, concerti)
camminare, escursionismo montano, passeggiare, andare a cavallo
cantare
cinema
fotografia
guardare documentari, film, telefilm, serie tv, sport
storia dell’arte
suonare strumenti musicali
turismo",11,"lupo","risotto allo zafferano",""
"68",68,"MS1801 9415 A001 NOVARA 2021","Molto","Computer","Casa","Difficile","Raramente","Si","Mai","pdf","","MS1801 9415 A001 NOVARA 2021","e-mail","Google Duo","Instagram","Lezioni frontali in Aula","Netflix","Meet","MS1801 9415 A001 NOVARA 2021",6,"Piedi","Equitazione","Liceo Scientifico",2002,36,6,"0","Verde","Gatto
Cane",160,187,156,"Juventus","Nero","Marroni","Femmina",50,"ascoltare la musica
ballare
guardare documentari, film, telefilm, serie tv, sport
scrittura
storia dell’arte",2,"pinguino","pasta al forno",""
"69",69,"MS1801 9415 A001 NOVARA 2021","Molto","Computer","Casa","Spesso utile","Raramente","Si","Raramente","pdf","","MS1801 9415 A001 NOVARA 2021","e-mail
whatsapp","WhatsApp
Skype
FaceTime
Google Duo","You Tube
Instagram","Video delle lezioni in Aula in diretta su Meet o Zoom (con possibilità di intervenire)","Netflix
Amazon Prime video","Meet
FaceTime","MS1801 9415 A001 NOVARA 2021",3,"Auto personale","Pallacanestro
Sci","Liceo Scientifico",2002,39,5,"1","Viola","Cane",NA,NA,162,"","Castani","Marroni","Femmina",60,"ascoltare la musica
assistere ad eventi dal vivo (attività sportive, concerti)
camminare, escursionismo montano, passeggiare, andare a cavallo
fotografia
tecnologia, pc, scienza",9,"delfino","lasagne",""
"70",70,"MS1801 9415 A001 NOVARA 2021","Molto","Computer","Casa","Difficile","Raramente","No","Raramente","pdf","","MS1801 9415 A001 NOVARA 2021","e-mail","WhatsApp
Altro","You Tube
Instagram
Facebook","Video delle lezioni in Aula in diretta su Meet o Zoom (con possibilità di intervenire)","Netflix
Amazon Prime video","Zoom","MS1801 9415 A001 NOVARA 2021",3,"Treno","Altro","Istituto tecnico settore tecnologico",2001,37,2,"1","Nero","Cane",165,170,170,"juventus","Castani","Marroni","Femmina",50,"ascoltare la musica
shopping
tecnologia, pc, scienza
varie (make up, mangiare dolci,  uncinetto, brainstorming, ...)",5,"scimmia","pizza",""
"71",71,"MS1801 9415 A001 NOVARA 2021","Molto","Computer","Università","Qualche volta utile","","Si","Mai","pdf","","MS1801 9415 A001 NOVARA 2021","e-mail
whatsapp","WhatsApp
Altro","You Tube
Instagram","Lezioni frontali in Aula","Netflix
Amazon Prime video","Zoom
Meet
FaceTime","MS1801 9415 A001 NOVARA 2021",2,"Piedi","Ginnastica, aerobica, fitness e cultura fisica
Pallavolo/beach volley","Liceo Scientifico",2002,36,3,"1","Giallo","Cane",170,175,165,"Milan","Castani","Marroni","Femmina",55,"ascoltare la musica
assistere ad eventi dal vivo (attività sportive, concerti)
cinema
fotografia
shopping",12,"gatto","pasta al pesto",""
"72",72,"MS1801 9415 A001 NOVARA 2021","Si vedrà...","Computer","Università","Qualche volta utile","Raramente","No","Sempre","pdf","Proporrei lezioni facoltative extra di soli esercizi, e video registrati di queste.","MS1801 9415 A001 NOVARA 2021","whatsapp","WhatsApp
FaceTime","You Tube
Twitter
Instagram
Facebook","Lezioni frontali in Aula","Netflix
Amazon Prime video","Zoom
Meet
FaceTime","MS1801 9415 A001 NOVARA 2021",7,"Auto personale","Ginnastica, aerobica, fitness e cultura fisica","Istituto tecnico settore tecnologico",2002,37,6,"1","Rosso","Cane",168,175,169,"Toro","Rossi","Verdi","Femmina",48,"ascoltare la musica
assistere ad eventi dal vivo (attività sportive, concerti)
ballare
camminare, escursionismo montano, passeggiare, andare a cavallo
cantare
dipingere, disegnare
fotografia
guardare documentari, film, telefilm, serie tv, sport
shopping
tecnologia, pc, scienza
varie (make up, mangiare dolci,  uncinetto, brainstorming, ...)
volontariato (croce rossa, 118)",5,"riccio","pasta al sugo","Le verdure crude al cibo preferito"
"73",73,"MS1801 9415 A001 NOVARA 2021","Si vedrà...","Computer","Casa","Spesso utile","Mai","Si","Mai","pdf","","MS1801 9415 A001 NOVARA 2021","e-mail","WhatsApp
FaceTime","You Tube
Instagram","Lezioni frontali in Aula","Amazon Prime video","Zoom
Meet","MS1801 9415 A001 NOVARA 2021",8,"","Altro","Liceo Scientifico",2002,38,4,"2","Verde","Nessuno",167,180,170,"juventus","Castani","Marroni","Femmina",58,"ascoltare la musica
assistere ad eventi dal vivo (attività sportive, concerti)
camminare, escursionismo montano, passeggiare, andare a cavallo
cucinare
dipingere, disegnare
fotografia
moda
shopping
varie (make up, mangiare dolci,  uncinetto, brainstorming, ...)
turismo",3,"cane","pizza",""
"74",74,"MS1801 9415 A001 NOVARA 2021","Si vedrà...","Computer","Università","Spesso utile","Raramente","Si","Mai","pdf","più spiegazioni sui quiz messi sulla piattaforma dir a lezione utilizzando R studio","MS1801 9415 A001 NOVARA 2021","e-mail
whatsapp","WhatsApp
Skype
FaceTime","You Tube
Instagram
Facebook","Video registrati in differita","Netflix
Amazon Prime video
TimVision","Zoom
Meet
Skype
FaceTime","MS1801 9415 A001 NOVARA 2021",7,"Auto personale","Ginnastica, aerobica, fitness e cultura fisica
Arti marziali
Running","Liceo Scientifico",2002,39,8,"1","Bianco","Gatto",168,175,167,"milan","Biondi","Verdi","",59,"arti orientali: yoga, wing chun
ascoltare la musica
assistere ad eventi dal vivo (attività sportive, concerti)
cantare
cucinare
guardare documentari, film, telefilm, serie tv, sport
palestra
sport
shopping
suonare strumenti musicali
varie (make up, mangiare dolci,  uncinetto, brainstorming, ...)",7,"giaguaro","spaghetti alla carbonara","no"
"75",75,"MS1801 9415 A001 NOVARA 2021","Molto","Computer","Università","Spesso utile","Raramente","Si","Spesso","pdf","","MS1801 9415 A001 NOVARA 2021","e-mail","Altro","You Tube
Instagram
Facebook","Lezioni frontali in Aula","Amazon Prime video","Zoom
Meet","MS1801 9415 A001 NOVARA 2021",2,"Treno","Running","Liceo Linguistico",2002,40,4,"0","Verde","Gatto",175,181,173,"","Castani","Marroni","Femmina",52,"ascoltare la musica
camminare, escursionismo montano, passeggiare, andare a cavallo
dipingere, disegnare
suonare strumenti musicali
turismo
volontariato (croce rossa, 118)",7,"scimmia","pasta ai frutti di mare",""
"76",76,"MS1801 9415 A001 NOVARA 2021","Si vedrà...","Computer","Università","Spesso utile","Raramente","Si","Sempre","html","","MS1801 9415 A001 NOVARA 2021","Telegram","FaceTime","","Video registrati in differita","Netflix
Amazon Prime video","Meet","MS1801 9415 A001 NOVARA 2021",7,"Autobus","","Liceo Scientifico",2002,39,8,"1","Bianco","Nessuno",152,162,169,"karasuno","Biondi","Marroni","Femmina",65,"ascoltare la musica
assistere ad eventi dal vivo (attività sportive, concerti)
ballare
cantare
guardare documentari, film, telefilm, serie tv, sport
letture particolari: manga, news di natura finanziaria
moda
scrittura
storia dell’arte
studiare lingue orientali",4,"coniglio","","piatto preferito: pasta carbonara"
"77",77,"MS1801 9415 A001 NOVARA 2021","Molto","Computer","Casa","Difficile","Raramente","Si","Spesso","pdf","Mi piacerebbe poter avere la possibilità di esercitarmi su altri esercizi simili a quelli dell&#039;esame (al di fuori dei quiz già stabiliti che concorreranno al voto finale dell&#039;esame)","MS1801 9415 A001 NOVARA 2021","e-mail
whatsapp
twitter
Telegram","WhatsApp
Skype","You Tube
Twitter
Instagram
Facebook
Linkedin","Video delle lezioni in Aula in diretta su Meet o Zoom (con possibilità di intervenire)","Netflix","Zoom
Meet","MS1801 9415 A001 NOVARA 2021",9,"Piedi","Sport acquatici","Liceo Linguistico",1999,37,6,"2","Viola","Gatto",161,181,162,"Nessuna","Castani","Altro","Femmina",53,"arti orientali: yoga, wing chun
ascoltare la musica
assistere ad eventi dal vivo (attività sportive, concerti)
camminare, escursionismo montano, passeggiare, andare a cavallo
cantare
cinema
cucinare
guardare documentari, film, telefilm, serie tv, sport
moda
tecnologia, pc, scienza
varie (make up, mangiare dolci,  uncinetto, brainstorming, ...)
volontariato (croce rossa, 118)",10,"lince","pollo al curry","è stato divertente ma ora torno a studiare, salve Professore :)"
"78",78,"MS1801 9415 A001 NOVARA 2021","Molto","Computer","Casa","Qualche volta utile","Mai","Si","Spesso","pdf","","MS1801 9415 A001 NOVARA 2021","e-mail","Altro","You Tube
Instagram
Altro","Lezioni frontali in Aula","Netflix","Meet
Skype","MS1801 9415 A001 NOVARA 2021",9,"Treno","Sci","Liceo Linguistico",2002,47,3,"3","Altro","Gatto
Cane",178,186,188,"Juve","Castani","Azzurro","Maschio",100,"cucinare
dipingere, disegnare
fotografia
turismo",6,"aquila","pizza","Come hobby principale e a quanto pare insolito, amo creare lingue. Nel corso di 9 anni ne ho create 16, abbandonandone 15 di esse. L’ultima lingua rimasta la sto mandando avanti tuttora e il suo vocabolario ammonta a circa 15000 parole.
La uso principalmente per messaggi in codice con il me del futuro, che dovrà tradurre la frase o le frasi in questione. La lingua possiede un alfabeto suo, composto da circa 302 simboli e combinazioni sillabiche.
Un altro scopo per il quale ho deciso di mandare avanti quest’ultima lingua è per ornare camera mia, scrivendo e dipingendo sui muri dei complessi di parole o frasi specifiche. La lingua presenta molti suoni non esistenti in italiano, presi dall’islandese, dall’ungherese e da altre lingue ancora, inoltre la lingua ha un alfabeto monoletterario di 30 lettere."
"79",79,"MS1801 9415 A001 NOVARA 2021","Molto","Computer","Casa","Raramente utile","Raramente","Si","Raramente","pdf","","MS1801 9415 A001 NOVARA 2021","e-mail
whatsapp","WhatsApp
FaceTime
Google Duo","You Tube
Instagram","Video delle lezioni in Aula in diretta su Meet o Zoom (con possibilità di intervenire)","Netflix
Amazon Prime video","Zoom
Meet","MS1801 9415 A001 NOVARA 2021",8,"Piedi","Calcio e calcetto
Ginnastica, aerobica, fitness e cultura fisica","Istituto tecnico settore tecnologico",2001,46,2,"1","Rosso","Nessuno",NA,NA,190,"Milan","Castani","Marroni","Maschio",83,"arti orientali: yoga, wing chun
ascoltare la musica
assistere ad eventi dal vivo (attività sportive, concerti)
ballare
camminare, escursionismo montano, passeggiare, andare a cavallo
cantare
guardare documentari, film, telefilm, serie tv, sport
palestra
sport
scrittura
turismo",11,"leone","avocado",""
"80",80,"MS1801 9415 A001 NOVARA 2021","Si vedrà...","Computer","Casa","Spesso utile","Raramente","No","Sempre","pdf","","MS1801 9415 A001 NOVARA 2021","e-mail
whatsapp","WhatsApp","You Tube
Instagram","Lezioni frontali in Aula","Netflix
Amazon Prime video","Meet
FaceTime","MS1801 9415 A001 NOVARA 2021",3,"Auto personale","Ginnastica, aerobica, fitness e cultura fisica","Liceo Scientifico",2002,35,10,"1","Rosso","Pesci",170,175,151,"nessuna","Castani","Verdi","Femmina",46,"arti orientali: yoga, wing chun
ascoltare la musica
ballare
camminare, escursionismo montano, passeggiare, andare a cavallo
guardare documentari, film, telefilm, serie tv, sport
palestra
volontariato (croce rossa, 118)",3,"cane","pasta col pesce",""
"81",81,"MS1801 9415 A001 NOVARA 2021","Molto","Tablet","Università","Spesso utile","Mai","No","Sempre","pdf","","MS1801 9415 A001 NOVARA 2021","e-mail
whatsapp","WhatsApp
FaceTime
Altro","Instagram","Lezioni frontali in Aula","Netflix
Amazon Prime video
Infinity","Meet
FaceTime","MS1801 9415 A001 NOVARA 2021",4,"Altro","Altro","Altro",2002,39,6,"3","Verde","Gatto",165,175,167,"Italia","Castani","Marroni","Femmina",60,"ascoltare la musica
ballare
cinema
volontariato (croce rossa, 118)",11,"gatto","pasta al sugo",""
"82",82,"MS1801 9415 A001 NOVARA 2021","Molto","Computer","Casa","Difficile","Raramente","Si","Spesso","pdf","","MS1801 9415 A001 NOVARA 2021","e-mail
whatsapp","WhatsApp
Skype","You Tube
Instagram
Facebook","Lezioni frontali in Aula","Netflix
Amazon Prime video
TimVision","Zoom
Meet
Skype
FaceTime","MS1801 9415 A001 NOVARA 2021",4,"Piedi","Sport acquatici
Sci
Atletica leggera
Pattinaggio
Equitazione","Altro",2002,38,2,"2","Azzurro","Gatto
Pesci
Rettili",165,186,168,"toro","Biondi","Marroni","Femmina",53,"arti orientali: yoga, wing chun
ascoltare la musica
assistere ad eventi dal vivo (attività sportive, concerti)
camminare, escursionismo montano, passeggiare, andare a cavallo
cinema
fotografia
giardinaggio, orto
guardare documentari, film, telefilm, serie tv, sport
moda
palestra
sport
recitazione (stand up comedy)
shopping
storia dell’arte
turismo",1,"cavallo","McDonald",""
